{
  "baseline_test": {
    "accuracy": 0.6838308023506139,
    "auc": 0.7836873676330997,
    "confusion_matrix": [
      [
        7681,
        1454
      ],
      [
        3980,
        4072
      ]
    ],
    "f1": 0.599793784062454
  },
  "srerm_test": {
    "accuracy": 0.7065223715598999,
    "auc": 0.8065803870354464,
    "confusion_matrix": [
      [
        5274,
        3861
      ],
      [
        1183,
        6869
      ]
    ],
    "f1": 0.7314450005324247
  }
}