{
  "K_list": [
    -1,
    0,
    1,
    2,
    3,
    4,
    5,
    6,
    7,
    8,
    9,
    10
  ],
  "best_gamma_train": -0.010567985922098178,
  "gamma_val": -0.08359833166486308,
  "run_records": [
    {
      "best_gamma_train": -0.010567985922098178,
      "checkpoint": "runs\\skin_srerm\\checkpoints\\srerm_run1_best.pt",
      "gamma_val": -0.08359833166486308,
      "run": 1,
      "seed": 0,
      "val_losses": {
        "-1": 0.4676020161766661,
        "0": 0.449722421169281,
        "1": 0.41915351152420044,
        "10": 0.443612539768219,
        "2": 0.42893746495246887,
        "3": 0.4756000876426697,
        "4": 0.41348599195480346,
        "5": 0.4591953694820404,
        "6": 0.5021542131900787,
        "7": 0.4836487650871277,
        "8": 0.4690191924571991,
        "9": 0.43093820214271544
      }
    }
  ],
  "selected_checkpoint": "runs\\skin_srerm\\checkpoints\\srerm_selected.pt",
  "selected_from_run": 1
}