{
  "max_centroid_error": 1.7874011516575417,
  "max_knn_distance": 4.160769628511309,
  "mean_centroid_error": 1.482013907121132,
  "mean_knn_distance": 3.9905028857970026
}